Name,Link
Nudeln mal anders,chefkoch-nudeln-mal-anders
Rinderbraten,chefkoch-rinderbraten
Hähnchenbrust in Schmand mit grünen Bohnen,chefkoch-haehnchen-bohnen
Schneller Käse-Gemüse-Schinken-Nudeln-Auflauf,chefkoch-schneller-auflauf
Türkische Pizza,custom-tuerkische-pizza
Spaghetti Bolognese,custom-spaghetti-bolognese
French-Toast-Cordon-Bleu,anderes-french-toast
Nudeln mit Rührei und Schinken,chefkoch-ruehrei-nudeln
Kartoffel-Sterz,chefkoch-kartoffel-sterz
Pizza mit Tomaten Schinken und Käse,chefkoch-pizza
Schinken - Tomaten- Mozarella - Strudel,chefkoch-strudel
Gebackene Toast-Muffins mit Ei und Speck,chefkoch-toast-muffins
Roros Grießnockerlsuppe,chefkoch-griessnockerlsuppe
All American Burger,chefkoch-american-burger
Gyros-Nudeln-Auflauf,custom-gyros-nudel-auflauf
Lasagne,custom-lasagne